{
  "task": "graph_classification",
  "dataset": "MUTAG",
  "summary": {
    "pairwise_mean": 0.7105263157894737,
    "pairwise_std": 0.0,
    "fullget_mean": 0.7105263157894737,
    "fullget_std": 0.0,
    "et_faithful_mean": 0.6842105263157895,
    "et_faithful_std": 0.0
  },
  "runs": [
    {
      "seed": 123,
      "folds": [
        {
          "fold": 0,
          "pairwise_acc": 0.7105263157894737,
          "fullget_acc": 0.7105263157894737,
          "et_faithful_acc": 0.6842105263157895,
          "histories": {
            "pairwise": {
              "train_loss": [
                2.2886189222335815,
                1.6589084565639496,
                0.9107293486595154,
                0.6478923559188843,
                0.6872512698173523,
                0.5899264514446259,
                0.5635941028594971,
                0.5544584393501282,
                0.5282995402812958,
                0.4954150766134262,
                0.4703356474637985,
                0.43668709695339203,
                0.3988851308822632,
                0.40798403322696686,
                0.4223175048828125,
                0.318946048617363,
                0.3227367103099823,
                0.33202676475048065,
                0.3132050186395645,
                0.34294500946998596,
                0.33717602491378784,
                0.30346084386110306,
                0.31542718410491943,
                0.3166351318359375,
                0.29601597785949707,
                0.31057009100914,
                0.2696017771959305,
                0.31890882551670074,
                0.33382049947977066,
                0.28939180076122284
              ],
              "val_acc": [
                0.6666666666666666,
                0.3333333333333333,
                0.5333333333333333,
                0.6666666666666666,
                0.6666666666666666,
                0.7,
                0.6666666666666666,
                0.8,
                0.7666666666666667,
                0.8666666666666667,
                0.8,
                0.8,
                0.8,
                0.8666666666666667,
                0.8,
                0.8,
                0.8,
                0.8,
                0.8,
                0.8,
                0.8,
                0.8,
                0.8,
                0.8,
                0.8,
                0.8,
                0.8,
                0.8,
                0.8,
                0.8
              ],
              "test_acc": [
                0.6842105263157895,
                0.3157894736842105,
                0.34210526315789475,
                0.6842105263157895,
                0.6842105263157895,
                0.7368421052631579,
                0.6842105263157895,
                0.7894736842105263,
                0.7105263157894737,
                0.7105263157894737,
                0.7894736842105263,
                0.7894736842105263,
                0.7894736842105263,
                0.7894736842105263,
                0.7631578947368421,
                0.7894736842105263,
                0.7631578947368421,
                0.7631578947368421,
                0.7631578947368421,
                0.7368421052631579,
                0.7894736842105263,
                0.7631578947368421,
                0.7631578947368421,
                0.7631578947368421,
                0.7631578947368421,
                0.7631578947368421,
                0.7631578947368421,
                0.7631578947368421,
                0.7631578947368421,
                0.7631578947368421
              ]
            },
            "fullget": {
              "train_loss": [
                1.4091316163539886,
                1.0956075191497803,
                0.7892372310161591,
                0.6127907335758209,
                0.6555375158786774,
                0.5691508054733276,
                0.6010919511318207,
                0.609089583158493,
                0.5089966356754303,
                0.515558272600174,
                0.46660615503787994,
                0.45541587471961975,
                0.4220265746116638,
                0.3891777843236923,
                0.38583584129810333,
                0.3542434424161911,
                0.365615114569664,
                0.31901270151138306,
                0.3456764370203018,
                0.31298021972179413,
                0.315605491399765,
                0.31593088805675507,
                0.31767286360263824,
                0.30654284358024597,
                0.29352332651615143,
                0.3047759234905243,
                0.30664633214473724,
                0.29478342831134796,
                0.320187583565712,
                0.29954802989959717
              ],
              "val_acc": [
                0.6666666666666666,
                0.5,
                0.6333333333333333,
                0.6666666666666666,
                0.6666666666666666,
                0.8666666666666667,
                0.7333333333333333,
                0.7666666666666667,
                0.6666666666666666,
                0.7666666666666667,
                0.8,
                0.8,
                0.8,
                0.8,
                0.8,
                0.8,
                0.8,
                0.8,
                0.8,
                0.8,
                0.8,
                0.8,
                0.8,
                0.8,
                0.8,
                0.8,
                0.8,
                0.8,
                0.8,
                0.8
              ],
              "test_acc": [
                0.6842105263157895,
                0.34210526315789475,
                0.5,
                0.6842105263157895,
                0.6842105263157895,
                0.7105263157894737,
                0.6842105263157895,
                0.7105263157894737,
                0.7368421052631579,
                0.7105263157894737,
                0.7894736842105263,
                0.7894736842105263,
                0.7894736842105263,
                0.7894736842105263,
                0.7894736842105263,
                0.7894736842105263,
                0.7894736842105263,
                0.7631578947368421,
                0.7631578947368421,
                0.7631578947368421,
                0.7631578947368421,
                0.7631578947368421,
                0.7368421052631579,
                0.7631578947368421,
                0.7631578947368421,
                0.7631578947368421,
                0.7368421052631579,
                0.7631578947368421,
                0.7631578947368421,
                0.7631578947368421
              ]
            },
            "et_faithful": {
              "train_loss": [
                0.6834850609302521,
                0.6804213225841522,
                0.6771088540554047,
                0.6738447546958923,
                0.6707582473754883,
                0.6642163395881653,
                0.6596508920192719,
                0.6570596694946289,
                0.654697060585022,
                0.6520255506038666,
                0.6510594487190247,
                0.6490950882434845,
                0.6454993784427643,
                0.6455844342708588,
                0.6431891620159149,
                0.6443464457988739,
                0.6419969797134399,
                0.6448882222175598,
                0.640175998210907,
                0.644031435251236,
                0.6443059146404266,
                0.639934629201889,
                0.6415798664093018,
                0.640027642250061,
                0.6402271389961243,
                0.64145627617836,
                0.6408153176307678,
                0.6397135853767395,
                0.6387292146682739,
                0.6409381628036499
              ],