{
  "task": "graph_classification",
  "dataset": "MUTAG",
  "summary": {
    "pairwise_mean": 0.7894736842105263,
    "pairwise_std": 0.0,
    "fullget_mean": 0.7894736842105263,
    "fullget_std": 0.0,
    "et_faithful_mean": 0.6842105263157895,
    "et_faithful_std": 0.0
  },
  "runs": [
    {
      "seed": 123,
      "folds": [
        {
          "fold": 0,
          "pairwise_acc": 0.7894736842105263,
          "fullget_acc": 0.7894736842105263,
          "et_faithful_acc": 0.6842105263157895,
          "histories": {
            "pairwise": {
              "train_loss": [
                0.6861193180084229,
                1.9810988903045654,
                0.7637984752655029,
                1.20732843875885,
                0.9556850790977478,
                0.6593461632728577,
                0.7508828043937683,
                0.769705593585968,
                0.6895412802696228,
                0.6434316635131836,
                0.6662861108779907,
                0.7183161377906799,
                0.7078743577003479,
                0.6615999937057495,
                0.6192259192466736,
                0.6420593857765198,
                0.6529796123504639,
                0.6327216029167175,
                0.6222408413887024,
                0.6146363615989685
              ],
              "val_acc": [
                0.6666666666666666,
                0.6666666666666666,
                0.3333333333333333,
                0.3333333333333333,
                0.6666666666666666,
                0.6666666666666666,
                0.6666666666666666,
                0.6666666666666666,
                0.6666666666666666,
                0.8,
                0.3333333333333333,
                0.5,
                0.6666666666666666,
                0.6666666666666666,
                0.6666666666666666,
                0.6666666666666666,
                0.6666666666666666,
                0.6666666666666666,
                0.6666666666666666,
                0.6666666666666666
              ],
              "test_acc": [
                0.6842105263157895,
                0.6842105263157895,
                0.3157894736842105,
                0.3157894736842105,
                0.6842105263157895,
                0.6842105263157895,
                0.6842105263157895,
                0.6842105263157895,
                0.6842105263157895,
                0.7894736842105263,
                0.3157894736842105,
                0.3157894736842105,
                0.7105263157894737,
                0.6842105263157895,
                0.6842105263157895,
                0.6842105263157895,
                0.6842105263157895,
                0.6842105263157895,
                0.6842105263157895,
                0.6842105263157895
              ]
            },
            "fullget": {
              "train_loss": [
                0.8248247504234314,
                1.4374173879623413,
                0.8992552161216736,
                0.6274233460426331,
                0.6207447052001953,
                0.6619009375572205,
                0.6327546834945679,
                0.5866617560386658,
                0.6023404002189636,
                0.5581040978431702,
                0.533856987953186,
                0.4976356625556946,
                0.46710526943206787,
                0.4767618775367737,
                0.4579717516899109,
                0.4159258008003235,
                0.4160543978214264,
                0.36849358677864075,
                0.3674256503582001,
                0.3501424193382263
              ],
              "val_acc": [
                0.6666666666666666,
                0.6666666666666666,
                0.6666666666666666,
                0.6666666666666666,
                0.6666666666666666,
                0.6666666666666666,
                0.6666666666666666,
                0.7333333333333333,
                0.6666666666666666,
                0.6666666666666666,
                0.8,
                0.8,
                0.8,
                0.8,
                0.8,
                0.8,
                0.8,
                0.8,
                0.8,
                0.8
              ],
              "test_acc": [
                0.6842105263157895,
                0.6842105263157895,
                0.6842105263157895,
                0.6842105263157895,
                0.6842105263157895,
                0.6842105263157895,
                0.6842105263157895,
                0.7368421052631579,
                0.6842105263157895,
                0.7105263157894737,
                0.7894736842105263,
                0.7894736842105263,
                0.7368421052631579,
                0.7894736842105263,
                0.7631578947368421,
                0.7894736842105263,
                0.7894736842105263,
                0.7894736842105263,
                0.7631578947368421,
                0.7894736842105263
              ]
            },
            "et_faithful": {
              "train_loss": [
                0.6815928816795349,
                0.6696881055831909,
                0.6598207950592041,
                0.6547699570655823,
                0.6535677313804626,
                0.6531221270561218,
                0.6523010730743408,
                0.6514737606048584,
                0.6507118344306946,
                0.6499363780021667,
                0.649114191532135,
                0.6482527852058411,
                0.6473506689071655,
                0.6463479995727539,
                0.6450935006141663,
                0.6434263586997986,
                0.6407595872879028,
                0.6393144130706787,
                0.6426549553871155,
                0.6388786435127258
              ],
              "val_acc": [
                0.6666666666666666,
                0.6666666666666666,
                0.6666666666666666,
                0.6666666666666666,
                0.6666666666666666,
                0.6666666666666666,
                0.6666666666666666,
                0.6666666666666666,
                0.6666666666666666,
                0.6666666666666666,
                0.6666666666666666,
                0.6666666666666666,
                0.6666666666666666,
                0.6666666666666666,
                0.6666666666666666,
                0.6666666666666666,
                0.6666666666666666,
                0.6666666666666666,
                0.6666666666666666,
                0.6666666666666666
              ],
              "test_acc": [
                0.6842105263157895,
                0.6842105263157895,
                0.6842105263157895,
                0.6842105263157895,
                0.6842105263157895,
                0.6842105263157895,
                0.6842105263157895,
                0.6842105263157895,
                0.6842105263157895,
                0.6842105263157895,
                0.6842105263157895,
                0.6842105263157895,
                0.6842105263157895,
                0.6842105263157895,
                0.6842105263157895,
                0.6842105263157895,
                0.6842105263157895,
                0.6842105263157895,
                0.6842105263157895,
                0.6842105263157895
              ]
            },