{
  "loss": 0.48284152150154114,
  "metric": 0.4811777127115056
}