{
  "task": "graph_classification",
  "dataset": "MUTAG",
  "summary": {
    "pairwise_mean": 0.7105263157894737,
    "pairwise_std": 0.0,
    "fullget_mean": 0.7105263157894737,
    "fullget_std": 0.0,
    "et_faithful_mean": 0.6842105263157895,
    "et_faithful_std": 0.0
  },
  "runs": [
    {
      "seed": 123,
      "folds": [
        {
          "fold": 0,
          "pairwise_acc": 0.7105263157894737,
          "fullget_acc": 0.7105263157894737,
          "et_faithful_acc": 0.6842105263157895,
          "histories": {
            "pairwise": {
              "train_loss": [
                2.288618803024292,
                1.65890833735466,
                0.9107296466827393,
                0.6478923559188843,
                0.6872512400150299,
                0.5899264812469482,
                0.5635939538478851,
                0.5544561147689819,
                0.5282995849847794,
                0.4954152852296829,
                0.47033531963825226,
                0.4366840720176697,
                0.3988860994577408,
                0.40798167884349823,
                0.4223204702138901,
                0.3189442455768585,
                0.32273364067077637,
                0.33202625811100006,
                0.31320758163928986,
                0.3429422825574875,
                0.3371707648038864,
                0.3034634068608284,
                0.3154255449771881,
                0.3166325241327286,
                0.29602138698101044,
                0.31057123839855194,
                0.26960691809654236,
                0.31891268491744995,
                0.33382272720336914,
                0.28939221799373627
              ],
              "val_acc": [
                0.6666666666666666,
                0.3333333333333333,
                0.5333333333333333,
                0.6666666666666666,
                0.6666666666666666,
                0.7,
                0.6666666666666666,
                0.8,
                0.7666666666666667,
                0.8666666666666667,
                0.8,
                0.8,
                0.8,
                0.8666666666666667,
                0.8,
                0.8,
                0.8,
                0.8,
                0.8,
                0.8,
                0.8,
                0.8,
                0.8,
                0.8,
                0.8,
                0.8,
                0.8,
                0.8,
                0.8,
                0.8
              ],
              "test_acc": [
                0.6842105263157895,
                0.3157894736842105,
                0.34210526315789475,
                0.6842105263157895,
                0.6842105263157895,
                0.7368421052631579,
                0.6842105263157895,
                0.7894736842105263,
                0.7105263157894737,
                0.7105263157894737,
                0.7894736842105263,
                0.7894736842105263,
                0.7894736842105263,
                0.7894736842105263,
                0.7631578947368421,
                0.7894736842105263,
                0.7631578947368421,
                0.7631578947368421,
                0.7631578947368421,
                0.7368421052631579,
                0.7894736842105263,
                0.7631578947368421,
                0.7631578947368421,
                0.7631578947368421,
                0.7631578947368421,
                0.7631578947368421,
                0.7631578947368421,
                0.7631578947368421,
                0.7631578947368421,
                0.7631578947368421
              ]
            },
            "fullget": {
              "train_loss": [
                1.409131646156311,
                1.0956076383590698,
                0.7892372608184814,
                0.6127907037734985,
                0.6555374562740326,
                0.5691507160663605,
                0.6010920405387878,
                0.6090898513793945,
                0.5089966505765915,
                0.5155584812164307,
                0.46660614013671875,
                0.45541587471961975,
                0.42202645540237427,
                0.389177605509758,
                0.3858357220888138,
                0.3542432636022568,
                0.3656148910522461,
                0.31901252269744873,
                0.3456760197877884,
                0.3129798620939255,
                0.31560516357421875,
                0.3159303069114685,
                0.3176727145910263,
                0.30654269456863403,
                0.29352322220802307,
                0.30477572977542877,
                0.3066464364528656,
                0.29478347301483154,
                0.32018740475177765,
                0.29954805970191956
              ],
              "val_acc": [
                0.6666666666666666,
                0.5,
                0.6333333333333333,
                0.6666666666666666,
                0.6666666666666666,
                0.8666666666666667,
                0.7333333333333333,
                0.7666666666666667,
                0.6666666666666666,
                0.7666666666666667,
                0.8,
                0.8,
                0.8,
                0.8,
                0.8,
                0.8,
                0.8,
                0.8,
                0.8,
                0.8,
                0.8,
                0.8,
                0.8,
                0.8,
                0.8,
                0.8,
                0.8,
                0.8,
                0.8,
                0.8
              ],
              "test_acc": [
                0.6842105263157895,
                0.34210526315789475,
                0.5,
                0.6842105263157895,
                0.6842105263157895,
                0.7105263157894737,
                0.6842105263157895,
                0.7105263157894737,
                0.7368421052631579,
                0.7105263157894737,
                0.7894736842105263,
                0.7894736842105263,
                0.7894736842105263,
                0.7894736842105263,
                0.7894736842105263,
                0.7894736842105263,
                0.7894736842105263,
                0.7631578947368421,
                0.7631578947368421,
                0.7631578947368421,
                0.7631578947368421,
                0.7631578947368421,
                0.7368421052631579,
                0.7631578947368421,
                0.7631578947368421,
                0.7631578947368421,
                0.7368421052631579,
                0.7631578947368421,
                0.7631578947368421,
                0.7631578947368421
              ]
            },
            "et_faithful": {
              "train_loss": [
                0.6834850609302521,
                0.6804213225841522,
                0.6771088540554047,
                0.6738447546958923,
                0.6707582473754883,
                0.6642163395881653,
                0.6596508920192719,
                0.6570596694946289,
                0.6546970307826996,
                0.6520255208015442,
                0.6510594487190247,
                0.6490950584411621,
                0.6454993486404419,
                0.6455844342708588,
                0.6431891620159149,
                0.6443464457988739,
                0.6419970095157623,
                0.6448882222175598,
                0.640175998210907,
                0.644031435251236,
                0.6443059146404266,
                0.639934629201889,
                0.6415798664093018,
                0.640027642250061,
                0.6402271389961243,
                0.64145627617836,
                0.6408153176307678,
                0.6397135853767395,
                0.6387292146682739,
                0.6409381628036499
              ],