{
  "task": "graph_classification",
  "dataset": "MUTAG",
  "summary": {
    "pairwise_mean": 0.7105263157894737,
    "pairwise_std": 0.0,
    "fullget_mean": 0.7105263157894737,
    "fullget_std": 0.0,
    "et_faithful_mean": 0.6842105263157895,
    "et_faithful_std": 0.0
  },
  "runs": [
    {
      "seed": 123,
      "folds": [
        {
          "fold": 0,
          "pairwise_acc": 0.7105263157894737,
          "fullget_acc": 0.7105263157894737,
          "et_faithful_acc": 0.6842105263157895,
          "histories": {
            "pairwise": {
              "train_loss": [
                2.288618892431259,
                1.6589082181453705,
                0.9107294976711273,
                0.6478923559188843,
                0.6872511506080627,
                0.5899264514446259,
                0.5635941624641418,
                0.5544589161872864,
                0.5282996594905853,
                0.495415061712265,
                0.4703357666730881,
                0.436687707901001,
                0.3988849073648453,
                0.40798428654670715,
                0.42231668531894684,
                0.31894630193710327,
                0.3227369785308838,
                0.33202673494815826,
                0.3132045120000839,
                0.3429466187953949,
                0.3371773213148117,
                0.30346060544252396,
                0.31542810797691345,
                0.31663548946380615,
                0.29601459205150604,
                0.310569703578949,
                0.2696016654372215,
                0.3189087361097336,
                0.33381929993629456,
                0.28939126431941986
              ],
              "val_acc": [
                0.6666666666666666,
                0.3333333333333333,
                0.5333333333333333,
                0.6666666666666666,
                0.6666666666666666,
                0.7,
                0.6666666666666666,
                0.8,
                0.7666666666666667,
                0.8666666666666667,
                0.8,
                0.8,
                0.8,
                0.8666666666666667,
                0.8,
                0.8,
                0.8,
                0.8,
                0.8,
                0.8,
                0.8,
                0.8,
                0.8,
                0.8,
                0.8,
                0.8,
                0.8,
                0.8,
                0.8,
                0.8
              ],
              "test_acc": [
                0.6842105263157895,
                0.3157894736842105,
                0.34210526315789475,
                0.6842105263157895,
                0.6842105263157895,
                0.7368421052631579,
                0.6842105263157895,
                0.7894736842105263,
                0.7105263157894737,
                0.7105263157894737,
                0.7894736842105263,
                0.7894736842105263,
                0.7894736842105263,
                0.7894736842105263,
                0.7631578947368421,
                0.7894736842105263,
                0.7631578947368421,
                0.7631578947368421,
                0.7631578947368421,
                0.7368421052631579,
                0.7894736842105263,
                0.7631578947368421,
                0.7631578947368421,
                0.7631578947368421,
                0.7631578947368421,
                0.7631578947368421,
                0.7631578947368421,
                0.7631578947368421,
                0.7631578947368421,
                0.7631578947368421
              ]
            },
            "fullget": {
              "train_loss": [
                1.409131646156311,
                1.0956076085567474,
                0.7892371416091919,
                0.6127906739711761,
                0.6555374264717102,
                0.5691506266593933,
                0.6010921597480774,
                0.6090898811817169,
                0.5089967101812363,
                0.5155586749315262,
                0.4666061997413635,
                0.4554157555103302,
                0.4220263957977295,
                0.3891775608062744,
                0.3858356326818466,
                0.3542431890964508,
                0.36561480164527893,
                0.3190123587846756,
                0.34567585587501526,
                0.31297965347766876,
                0.31560494005680084,
                0.3159300684928894,
                0.31767256557941437,
                0.30654266476631165,
                0.29352323710918427,
                0.30477556586265564,
                0.3066464364528656,
                0.29478348791599274,
                0.3201872408390045,
                0.29954810440540314
              ],
              "val_acc": [
                0.6666666666666666,
                0.5,
                0.6333333333333333,
                0.6666666666666666,
                0.6666666666666666,
                0.8666666666666667,
                0.7333333333333333,
                0.7666666666666667,
                0.6666666666666666,
                0.7666666666666667,
                0.8,
                0.8,
                0.8,
                0.8,
                0.8,
                0.8,
                0.8,
                0.8,
                0.8,
                0.8,
                0.8,
                0.8,
                0.8,
                0.8,
                0.8,
                0.8,
                0.8,
                0.8,
                0.8,
                0.8
              ],
              "test_acc": [
                0.6842105263157895,
                0.34210526315789475,
                0.5,
                0.6842105263157895,
                0.6842105263157895,
                0.7105263157894737,
                0.6842105263157895,
                0.7105263157894737,
                0.7368421052631579,
                0.7105263157894737,
                0.7894736842105263,
                0.7894736842105263,
                0.7894736842105263,
                0.7894736842105263,
                0.7894736842105263,
                0.7894736842105263,
                0.7894736842105263,
                0.7631578947368421,
                0.7631578947368421,
                0.7631578947368421,
                0.7631578947368421,
                0.7631578947368421,
                0.7368421052631579,
                0.7631578947368421,
                0.7631578947368421,
                0.7631578947368421,
                0.7368421052631579,
                0.7631578947368421,
                0.7631578947368421,
                0.7631578947368421
              ]
            },
            "et_faithful": {
              "train_loss": [
                0.6834850609302521,
                0.6804213225841522,
                0.6771088540554047,
                0.6738447546958923,
                0.6707582473754883,
                0.6642163395881653,
                0.6596508920192719,
                0.6570596694946289,
                0.654697060585022,
                0.6520255506038666,
                0.6510594487190247,
                0.6490950584411621,
                0.6454993784427643,
                0.6455844342708588,
                0.6431891620159149,
                0.6443464457988739,
                0.6419969797134399,
                0.6448882222175598,
                0.640175998210907,
                0.644031435251236,
                0.6443059146404266,
                0.639934629201889,
                0.6415798366069794,
                0.640027642250061,
                0.6402271389961243,
                0.64145627617836,
                0.6408153176307678,
                0.6397135853767395,
                0.6387292146682739,
                0.6409381628036499
              ],