{
  "best_val_loss": 0.9042816162109375,
  "final_train": {
    "loss": 0.7415884137153625,
    "acc": 0.3333333432674408
  },
  "final_val": {
    "loss": 0.9042816162109375,
    "acc": 0.1666666716337204
  },
  "test": {
    "loss": 0.8286940455436707,
    "acc": 0.1666666716337204
  },
  "epochs_ran": 1
}