{
  "best_val_loss": 0.8020563125610352,
  "final_train": {
    "loss": 0.7883105874061584,
    "acc": 0.3333333432674408
  },
  "final_val": {
    "loss": 0.8020563125610352,
    "acc": 0.3333333432674408
  },
  "test": {
    "loss": 0.8993564248085022,
    "acc": 0.1666666716337204
  },
  "epochs_ran": 1
}