{
  "best_val_loss": 0.893884539604187,
  "final_train": {
    "loss": 0.7555930018424988,
    "acc": 0.25
  },
  "final_val": {
    "loss": 0.893884539604187,
    "acc": 0.25
  },
  "test": {
    "loss": 0.859807014465332,
    "acc": 0.25
  },
  "epochs_ran": 1
}