{
  "task": "graph_anomaly",
  "dataset": "synth",
  "summary": {
    "0.4": {
      "pairwise_mean": 0.8333333333333334,
      "pairwise_std": 0.0,
      "pairwise_f1_mean": 0.75,
      "pairwise_f1_std": 0.0,
      "fullget_mean": 0.8333333333333333,
      "fullget_std": 0.0,
      "fullget_f1_mean": 0.6785714285714286,
      "fullget_f1_std": 0.0,
      "et_faithful_mean": 0.6666666666666667,
      "et_faithful_std": 0.0,
      "et_faithful_f1_mean": 0.4,
      "et_faithful_f1_std": 0.0
    }
  },
  "runs": {
    "0.4": [
      {
        "seed": 123,
        "pairwise_auc": 0.8333333333333334,
        "pairwise_f1": 0.75,
        "fullget_auc": 0.8333333333333333,
        "fullget_f1": 0.6785714285714286,
        "et_faithful_auc": 0.6666666666666667,
        "et_faithful_f1": 0.4,
        "histories": {
          "pairwise": {
            "train_loss": [
              0.9803100824356079
            ],
            "val_auc": [
              1.0
            ],
            "val_f1": [
              1.0
            ],
            "test_auc": [
              0.8333333333333334
            ],
            "test_f1": [
              0.75
            ]
          },
          "fullget": {
            "train_loss": [
              0.9492166638374329
            ],
            "val_auc": [
              1.0
            ],
            "val_f1": [
              1.0
            ],
            "test_auc": [
              0.8333333333333333
            ],
            "test_f1": [
              0.6785714285714286
            ]
          },
          "et_faithful": {
            "train_loss": [
              0.970557689666748
            ],
            "val_auc": [
              1.0
            ],
            "val_f1": [
              0.4444444444444444
            ],
            "test_auc": [
              0.6666666666666667
            ],
            "test_f1": [
              0.4
            ]
          }
        }
      }
    ]
  }
}