{
  "task": "graph_classification",
  "dataset": "MUTAG",
  "summary": {
    "pairwise_mean": 0.7105263157894737,
    "pairwise_std": 0.0,
    "fullget_mean": 0.7105263157894737,
    "fullget_std": 0.0,
    "et_faithful_mean": 0.6842105263157895,
    "et_faithful_std": 0.0
  },
  "runs": [
    {
      "seed": 123,
      "folds": [
        {
          "fold": 0,
          "pairwise_acc": 0.7105263157894737,
          "fullget_acc": 0.7105263157894737,
          "et_faithful_acc": 0.6842105263157895,
          "histories": {
            "pairwise": {
              "train_loss": [
                2.2886189222335815,
                1.6589083969593048,
                0.910729169845581,
                0.6478922665119171,
                0.6872512698173523,
                0.5899264812469482,
                0.563593715429306,
                0.5544541776180267,
                0.5282993167638779,
                0.4954150319099426,
                0.47033460438251495,
                0.4366835951805115,
                0.3988862484693527,
                0.4079795330762863,
                0.42231912910938263,
                0.3189479112625122,
                0.3227330297231674,
                0.33202607929706573,
                0.31320951879024506,
                0.34293611347675323,
                0.3371577560901642,
                0.30347034335136414,
                0.3154216408729553,
                0.3166342228651047,
                0.2960233688354492,
                0.31057070195674896,
                0.2696086913347244,
                0.3189147561788559,
                0.33382412791252136,
                0.28938670456409454
              ],
              "val_acc": [
                0.6666666666666666,
                0.3333333333333333,
                0.5333333333333333,
                0.6666666666666666,
                0.6666666666666666,
                0.7,
                0.6666666666666666,
                0.8,
                0.7666666666666667,
                0.8666666666666667,
                0.8,
                0.8,
                0.8,
                0.8666666666666667,
                0.8,
                0.8,
                0.8,
                0.8,
                0.8,
                0.8,
                0.8,
                0.8,
                0.8,
                0.8,
                0.8,
                0.8,
                0.8,
                0.8,
                0.8,
                0.8
              ],
              "test_acc": [
                0.6842105263157895,
                0.3157894736842105,
                0.34210526315789475,
                0.6842105263157895,
                0.6842105263157895,
                0.7368421052631579,
                0.6842105263157895,
                0.7894736842105263,
                0.7105263157894737,
                0.7105263157894737,
                0.7894736842105263,
                0.7894736842105263,
                0.7894736842105263,
                0.7894736842105263,
                0.7631578947368421,
                0.7894736842105263,
                0.7631578947368421,
                0.7631578947368421,
                0.7631578947368421,
                0.7368421052631579,
                0.7894736842105263,
                0.7631578947368421,
                0.7631578947368421,
                0.7631578947368421,
                0.7631578947368421,
                0.7631578947368421,
                0.7631578947368421,
                0.7631578947368421,
                0.7631578947368421,
                0.7631578947368421
              ]
            },
            "fullget": {
              "train_loss": [
                1.4091316163539886,
                1.0956076383590698,
                0.7892372012138367,
                0.6127907037734985,
                0.6555374562740326,
                0.5691506564617157,
                0.6010919809341431,
                0.6090896427631378,
                0.5089966356754303,
                0.5155583471059799,
                0.46660616993904114,
                0.4554159343242645,
                0.4220265597105026,
                0.38917773962020874,
                0.38583579659461975,
                0.35424335300922394,
                0.36561504006385803,
                0.31901267170906067,
                0.34567634761333466,
                0.31298011541366577,
                0.3156053125858307,
                0.3159305900335312,
                0.3176727890968323,
                0.3065428286790848,
                0.2935234159231186,
                0.30477578938007355,
                0.30664636194705963,
                0.2947833985090256,
                0.3201874643564224,
                0.2995480000972748
              ],
              "val_acc": [
                0.6666666666666666,
                0.5,
                0.6333333333333333,
                0.6666666666666666,
                0.6666666666666666,
                0.8666666666666667,
                0.7333333333333333,
                0.7666666666666667,
                0.6666666666666666,
                0.7666666666666667,
                0.8,
                0.8,
                0.8,
                0.8,
                0.8,
                0.8,
                0.8,
                0.8,
                0.8,
                0.8,
                0.8,
                0.8,
                0.8,
                0.8,
                0.8,
                0.8,
                0.8,
                0.8,
                0.8,
                0.8
              ],
              "test_acc": [
                0.6842105263157895,
                0.34210526315789475,
                0.5,
                0.6842105263157895,
                0.6842105263157895,
                0.7105263157894737,
                0.6842105263157895,
                0.7105263157894737,
                0.7368421052631579,
                0.7105263157894737,
                0.7894736842105263,
                0.7894736842105263,
                0.7894736842105263,
                0.7894736842105263,
                0.7894736842105263,
                0.7894736842105263,
                0.7894736842105263,
                0.7631578947368421,
                0.7631578947368421,
                0.7631578947368421,
                0.7631578947368421,
                0.7631578947368421,
                0.7368421052631579,
                0.7631578947368421,
                0.7631578947368421,
                0.7631578947368421,
                0.7368421052631579,
                0.7631578947368421,
                0.7631578947368421,
                0.7631578947368421
              ]
            },
            "et_faithful": {
              "train_loss": [
                0.6834850609302521,
                0.6804213225841522,
                0.6771088540554047,
                0.6738447546958923,
                0.6707582473754883,
                0.6642163097858429,
                0.6596508920192719,
                0.6570596694946289,
                0.654697060585022,
                0.6520255208015442,
                0.6510594487190247,
                0.6490950584411621,
                0.6454993784427643,
                0.6455844342708588,
                0.6431891620159149,
                0.6443464457988739,
                0.6419969797134399,
                0.6448882222175598,
                0.640175998210907,
                0.644031435251236,
                0.6443059146404266,
                0.639934629201889,
                0.6415798962116241,
                0.640027642250061,
                0.6402271389961243,
                0.64145627617836,
                0.6408153176307678,
                0.6397135853767395,
                0.6387292146682739,
                0.6409381628036499
              ],