{
  "PairwiseGET": {
    "loss": 0.694075345993042,
    "metric": 0.5
  },
  "FullGET": {
    "loss": 0.6931545376777649,
    "metric": 0.5933333333333334
  },
  "GIN": {
    "loss": 0.6931616187095642,
    "metric": 0.5
  }
}