{
  "PairwiseGET": {
    "loss": 0.7117958068847656,
    "metric": 0.5
  },
  "FullGET": {
    "loss": 0.6986458659172058,
    "metric": 0.7366666666666666
  },
  "GIN": {
    "loss": 0.6933117628097534,
    "metric": 0.5
  }
}