{
  "PairwiseGET": {
    "metric": 0.5362914050966754
  },
  "FullGET": {
    "metric": 0.5666664862976531
  },
  "ETFaithful": {
    "metric": 0.48313303958227144
  },
  "GIN": {
    "metric": 0.5161326239792855
  }
}