{
  "task": "graph_anomaly",
  "dataset": "synth",
  "summary": {
    "0.4": {
      "fullget_mean": 0.7777777777777778,
      "fullget_std": 0.0,
      "fullget_f1_mean": 0.6666666666666666,
      "fullget_f1_std": 0.0,
      "et_faithful_mean": 0.05555555555555556,
      "et_faithful_std": 0.0,
      "et_faithful_f1_mean": 0.4,
      "et_faithful_f1_std": 0.0
    }
  },
  "runs": {
    "0.4": [
      {
        "seed": 123,
        "fullget_auc": 0.7777777777777778,
        "fullget_f1": 0.6666666666666666,
        "et_faithful_auc": 0.05555555555555556,
        "et_faithful_f1": 0.4,
        "histories": {
          "fullget": {
            "train_loss": [
              1.581033080816269
            ],
            "val_auc": [
              1.0
            ],
            "val_f1": [
              0.7619047619047619
            ],
            "test_auc": [
              0.7777777777777778
            ],
            "test_f1": [
              0.6666666666666666
            ],
            "bad_batches": [
              0.0
            ]
          },
          "et_faithful": {
            "train_loss": [
              0.0
            ],
            "val_auc": [
              0.0
            ],
            "val_f1": [
              0.4444444444444444
            ],
            "test_auc": [
              0.05555555555555556
            ],
            "test_f1": [
              0.4
            ],
            "bad_batches": [
              2.0
            ]
          }
        }
      }
    ]
  }
}