{
  "task": "graph_classification",
  "dataset": "MUTAG",
  "summary": {
    "pairwise_mean": 0.6842105263157895,
    "pairwise_std": 0.0,
    "fullget_mean": 0.6842105263157895,
    "fullget_std": 0.0,
    "et_faithful_mean": 0.6842105263157895,
    "et_faithful_std": 0.0
  },
  "runs": [
    {
      "seed": 123,
      "folds": [
        {
          "fold": 0,
          "pairwise_acc": 0.6842105263157895,
          "fullget_acc": 0.6842105263157895,
          "et_faithful_acc": 0.6842105263157895,
          "histories": {
            "pairwise": {
              "train_loss": [
                0.6861192584037781,
                1.9810987710952759
              ],
              "val_acc": [
                0.6666666666666666,
                0.6666666666666666
              ],
              "test_acc": [
                0.6842105263157895,
                0.6842105263157895
              ]
            },
            "fullget": {
              "train_loss": [
                0.8052840828895569,
                1.4676920175552368
              ],
              "val_acc": [
                0.6666666666666666,
                0.6666666666666666
              ],
              "test_acc": [
                0.6842105263157895,
                0.6842105263157895
              ]
            },
            "et_faithful": {
              "train_loss": [
                0.6815928816795349,
                0.6696880459785461
              ],
              "val_acc": [
                0.6666666666666666,
                0.6666666666666666
              ],
              "test_acc": [
                0.6842105263157895,
                0.6842105263157895
              ]
            },
            "gin_struct": {
              "train_loss": [
                1.15581214427948,
                0.6805197596549988
              ],
              "val_acc": [
                0.7666666666666667,
                0.8
              ],
              "test_acc": [
                0.8157894736842105,
                0.7894736842105263
              ]
            }
          },
          "energy_traces": {
            "pairwise": null,
            "fullget": null,
            "et_faithful": null,
            "gin_struct": null
          },
          "gin_struct_acc": 0.7894736842105263
        }
      ],
      "pairwise_acc": 0.6842105263157895,
      "fullget_acc": 0.6842105263157895,
      "et_faithful_acc": 0.6842105263157895
    }
  ]
}