{
  "task": "graph_anomaly",
  "dataset": "synth",
  "summary": {
    "0.4": {
      "pairwise_mean": 0.8333333333333334,
      "pairwise_std": 0.0,
      "pairwise_f1_mean": 0.25,
      "pairwise_f1_std": 0.0,
      "fullget_mean": 0.7222222222222222,
      "fullget_std": 0.0,
      "fullget_f1_mean": 0.75,
      "fullget_f1_std": 0.0,
      "et_faithful_mean": 0.7222222222222222,
      "et_faithful_std": 0.0,
      "et_faithful_f1_mean": 0.4,
      "et_faithful_f1_std": 0.0
    }
  },
  "runs": {
    "0.4": [
      {
        "seed": 123,
        "pairwise_auc": 0.8333333333333334,
        "pairwise_f1": 0.25,
        "fullget_auc": 0.7222222222222222,
        "fullget_f1": 0.75,
        "et_faithful_auc": 0.7222222222222222,
        "et_faithful_f1": 0.4,
        "histories": {
          "pairwise": {
            "train_loss": [
              0.888842761516571
            ],
            "val_auc": [
              1.0
            ],
            "val_f1": [
              0.16666666666666666
            ],
            "test_auc": [
              0.8333333333333334
            ],
            "test_f1": [
              0.25
            ]
          },
          "fullget": {
            "train_loss": [
              0.8213402032852173
            ],
            "val_auc": [
              1.0
            ],
            "val_f1": [
              1.0
            ],
            "test_auc": [
              0.7222222222222222
            ],
            "test_f1": [
              0.75
            ]
          },
          "et_faithful": {
            "train_loss": [
              0.970439076423645
            ],
            "val_auc": [
              1.0
            ],
            "val_f1": [
              0.4444444444444444
            ],
            "test_auc": [
              0.7222222222222222
            ],
            "test_f1": [
              0.4
            ]
          }
        }
      }
    ]
  }
}