{
  "task": "graph_anomaly",
  "dataset": "synth",
  "summary": {
    "0.4": {
      "fullget_mean": 0.5,
      "fullget_std": 0.0,
      "fullget_f1_mean": 0.35714285714285715,
      "fullget_f1_std": 0.0,
      "et_faithful_mean": 0.3888888888888889,
      "et_faithful_std": 0.0,
      "et_faithful_f1_mean": 0.4,
      "et_faithful_f1_std": 0.0
    }
  },
  "runs": {
    "0.4": [
      {
        "seed": 123,
        "fullget_auc": 0.5,
        "fullget_f1": 0.35714285714285715,
        "et_faithful_auc": 0.3888888888888889,
        "et_faithful_f1": 0.4,
        "histories": {
          "fullget": {
            "train_loss": [
              6.48669296503067
            ],
            "val_auc": [
              0.75
            ],
            "val_f1": [
              0.4444444444444444
            ],
            "test_auc": [
              0.5
            ],
            "test_f1": [
              0.35714285714285715
            ],
            "bad_batches": [
              0.0
            ]
          },
          "et_faithful": {
            "train_loss": [
              0.0
            ],
            "val_auc": [
              0.625
            ],
            "val_f1": [
              0.4444444444444444
            ],
            "test_auc": [
              0.3888888888888889
            ],
            "test_f1": [
              0.4
            ],
            "bad_batches": [
              2.0
            ]
          }
        }
      }
    ]
  }
}