{
  "task": "graph_classification",
  "dataset": "synth",
  "summary": {
    "pairwise_mean": 0.5,
    "pairwise_std": 0.0,
    "fullget_mean": 0.5,
    "fullget_std": 0.0,
    "et_faithful_mean": 0.5166666666666666,
    "et_faithful_std": 0.0
  },
  "runs": [
    {
      "seed": 123,
      "pairwise_acc": 0.5,
      "fullget_acc": 0.5,
      "gin_acc": 0.6166666666666666,
      "et_faithful_acc": 0.5166666666666666,
      "histories": {
        "pairwise": {
          "train_loss": [
            1.1878615895907083
          ],
          "test_acc": [
            0.5
          ],
          "bad_batches": [
            0.0
          ]
        },
        "fullget": {
          "train_loss": [
            1.2311076382795971
          ],
          "test_acc": [
            0.5
          ],
          "bad_batches": [
            0.0
          ]
        },
        "gin": {
          "train_loss": [
            10.642644111315409
          ],
          "test_acc": [
            0.6166666666666666
          ],
          "bad_batches": [
            0.0
          ]
        },
        "et_faithful": {
          "train_loss": [
            1.2019806027412416
          ],
          "test_acc": [
            0.5166666666666666
          ],
          "bad_batches": [
            0.0
          ]
        }
      }
    }
  ]
}