{
  "loss": 1.3707362413406372,
  "metric": 1.3702132571600378
}